Alpo,Dog Food,29.99,345
AvoDerm,Dog Food,31.5,655
Beggin' Strips,Dog Food,49.3,325
Beneful,Dog Food,42.5,652
Bonio,Dog Food,25,34
Dog Chow,Dog Food,45,124
Essential Foods,Dog Food,32.4,365
Eukanuba,Dog Food,56.3,564
Freshpet,Dog Food,23.4,734
Friskies,Dog Food,42.34,235
Frosty Paws,Dog Food,53.23,376
Gaines-Burgers,Dog Food,53.4,476
The Goodlife Recipe,Dog Food,32.2,365
Gravy Train,Dog Food,54.34,132
Happidog,Dog Food,65.43,100
Hill's Pet Nutrition,Dog Food,34.3,54
Iams,Dog Food,65.3,345
Just Food for Dogs,Dog Food,24.3,2
Ken-L Ration,Dog Food,64.2,876
Kennomeat,Dog Food,34.5,45
Kibbles 'n Bits,Dog Food,46.5,23
Milk-Bone,Dog Food,65.4,12
Natural Balance Pet Food,Dog Food,45.3,453
Natural Dog Food Company,Dog Food,64,299
Nature's Variety,Dog Food,54,2
Nestle Purina PetCare,Dog Food,64.5,34
Nutro Products,Dog Food,35.6,54
Pedigree Petfoods,Dog Food,46.5,354
Purina Dog Chow,Dog Food,23.6,65
Purina One,Dog Food,50,345
Ralston Purina ,Dog Food,40.5,967
Royal Canin ,Dog Food,57.4,12
Science Diet,Dog Food,57.5,31
Solid Gold ,Dog Food,36.5,4
Vegepett,Dog Food,46.5,53
WellPet,Dog Food,64.5,6
Winalot ,Dog Food,50.6,7
9Lives,Cat Food,40.5,34
AvoDerm,Cat Food,57.4,124
Essential Foods,Cat Food,57.5,365
Eukanuba,Cat Food,36.5,564
Fancy Feast,Cat Food,46.5,734
Felix,Cat Food,64.5,235
Freshpet,Cat Food,50.6,376
Friskies,Cat Food,65.3,476
Iams,Cat Food,24.3,365
Meow Mix,Cat Food,64.2,132
Nature's Variety,Cat Food,34.5,100
Royal Canin ,Cat Food,46.5,54
Sheba,Cat Food,45,333
Bowls,Cat Supplies,20.99,34
Litter Box,Cat Supplies,80,56
Kitty Litter,Cat Supplies,34,23
Collar,Cat Supplies,20,56
Nail clippers,Cat Supplies,25,32
Fish Food,Fish & Aquatic Pets,57.4,365
Feeding Accessories kit,Fish & Aquatic Pets,57.5,564
Aquarium,Fish & Aquatic Pets,36.5,734
Décor,Fish & Aquatic Pets,46.5,235
Sand & Gravel,Fish & Aquatic Pets,64.5,376
Water Heaters,Fish & Aquatic Pets,50.6,476